"demo","backend","exit","shot","errors","shaderFail","adapter"
"phase1_2d_showcase","vulkan",,"True","6","0","llvmpipe (LLVM 22.1.6, 256 bits)"
"phase1_2d_physics_showcase","vulkan",,"True","0","0","llvmpipe (LLVM 22.1.6, 256 bits)"
"3d_advanced_pbr_showcase","vulkan",,"True","0","0","llvmpipe (LLVM 22.1.6, 256 bits)"
"3d_animation_basic","vulkan",,"True","0","0","llvmpipe (LLVM 22.1.6, 256 bits)"
"3d_animation_ik_layers","vulkan",,"True","210","0","llvmpipe (LLVM 22.1.6, 256 bits)"
"3d_asset_pack_showcase","vulkan",,"True","0","0","llvmpipe (LLVM 22.1.6, 256 bits)"
"3d_audio_complete","vulkan",,"True","0","0","llvmpipe (LLVM 22.1.6, 256 bits)"
"3d_audio_spatial","vulkan",,"True","0","0","llvmpipe (LLVM 22.1.6, 256 bits)"
"3d_buoyancy","vulkan","TIMEOUT","False","0","0","llvmpipe (LLVM 22.1.6, 256 bits)"
"3d_camera_showcase","vulkan",,"True","0","0","llvmpipe (LLVM 22.1.6, 256 bits)"
"3d_character_controller","vulkan",,"True","0","0","llvmpipe (LLVM 22.1.6, 256 bits)"
"3d_character_third_person","vulkan",,"True","0","0","llvmpipe (LLVM 22.1.6, 256 bits)"
"3d_cloth","vulkan",,"True","0","0","llvmpipe (LLVM 22.1.6, 256 bits)"
"3d_compute_basic","vulkan",,"True","0","0","llvmpipe (LLVM 22.1.6, 256 bits)"
"3d_decal","vulkan",,"True","0","0","llvmpipe (LLVM 22.1.6, 256 bits)"
"3d_fluid","vulkan",,"True","0","0","llvmpipe (LLVM 22.1.6, 256 bits)"
"3d_fog_atmosphere","vulkan",,"False","0","0","llvmpipe (LLVM 22.1.6, 256 bits)"
"3d_fracture","vulkan","TIMEOUT","False","0","0","llvmpipe (LLVM 22.1.6, 256 bits)"
"3d_gi_probe","vulkan",,"True","0","0","llvmpipe (LLVM 22.1.6, 256 bits)"
"3d_gpu_culling","vulkan",,"True","0","0","llvmpipe (LLVM 22.1.6, 256 bits)"
"3d_hair","vulkan",,"True","560","0","llvmpipe (LLVM 22.1.6, 256 bits)"
"3d_hud_overlay","vulkan",,"True","0","0","llvmpipe (LLVM 22.1.6, 256 bits)"
"3d_input_showcase","vulkan",,"True","0","0","llvmpipe (LLVM 22.1.6, 256 bits)"
"3d_instancing","vulkan",,"True","3307","0","llvmpipe (LLVM 22.1.6, 256 bits)"
"3d_jolt_physics_verify","vulkan",,"True","0","0","llvmpipe (LLVM 22.1.6, 256 bits)"
"3d_light_probe","vulkan",,"True","0","0","llvmpipe (LLVM 22.1.6, 256 bits)"
"3d_lighting_showcase","vulkan",,"True","0","0","llvmpipe (LLVM 22.1.6, 256 bits)"
"3d_lod","vulkan",,"True","0","0","llvmpipe (LLVM 22.1.6, 256 bits)"
"3d_material_showcase","vulkan",,"True","0","0","llvmpipe (LLVM 22.1.6, 256 bits)"
"3d_metrics_debug","vulkan",,"True","0","0","llvmpipe (LLVM 22.1.6, 256 bits)"
"3d_morph_target","vulkan",,"False","1","0","llvmpipe (LLVM 22.1.6, 256 bits)"
"3d_navmesh","vulkan",,"True","0","0","llvmpipe (LLVM 22.1.6, 256 bits)"
"3d_particles_showcase","vulkan",,"True","0","0","llvmpipe (LLVM 22.1.6, 256 bits)"
"3d_physics_interaction","vulkan",,"True","0","0","llvmpipe (LLVM 22.1.6, 256 bits)"
"3d_physics_raycast_pick","vulkan","TIMEOUT","False","0","0","llvmpipe (LLVM 22.1.6, 256 bits)"
"3d_physics_stack","vulkan",,"True","0","0","llvmpipe (LLVM 22.1.6, 256 bits)"
"3d_physics_triggers","vulkan","TIMEOUT","False","0","0","llvmpipe (LLVM 22.1.6, 256 bits)"
"3d_postprocess_effects","vulkan",,"False","0","0","llvmpipe (LLVM 22.1.6, 256 bits)"
"3d_postprocess_showcase","vulkan",,"False","0","0","llvmpipe (LLVM 22.1.6, 256 bits)"
"3d_procedural_mesh","vulkan",,"True","0","0","llvmpipe (LLVM 22.1.6, 256 bits)"
"3d_ragdoll","vulkan",,"True","0","0","llvmpipe (LLVM 22.1.6, 256 bits)"
"3d_reflection_probe","vulkan",,"True","0","0","llvmpipe (LLVM 22.1.6, 256 bits)"
"3d_render_quality_showcase","vulkan",,"False","0","0","llvmpipe (LLVM 22.1.6, 256 bits)"
"3d_rope","vulkan",,"True","0","0","llvmpipe (LLVM 22.1.6, 256 bits)"
"3d_scene_load","vulkan",,"True","0","0","llvmpipe (LLVM 22.1.6, 256 bits)"
"3d_scene_showcase","vulkan",,"True","0","0","llvmpipe (LLVM 22.1.6, 256 bits)"
"3d_shadow_showcase","vulkan","TIMEOUT","False","0","0","llvmpipe (LLVM 22.1.6, 256 bits)"
"3d_skybox_environment","vulkan",,"True","0","0","llvmpipe (LLVM 22.1.6, 256 bits)"
"3d_softbody","vulkan",,"True","0","0","llvmpipe (LLVM 22.1.6, 256 bits)"
"3d_static_model","vulkan",,"True","0","0","llvmpipe (LLVM 22.1.6, 256 bits)"
"3d_steering_behavior","vulkan",,"True","0","0","llvmpipe (LLVM 22.1.6, 256 bits)"
"3d_streaming_load","vulkan",,"True","0","0","llvmpipe (LLVM 22.1.6, 256 bits)"
"3d_terrain_heightmap","vulkan",,"True","0","0","llvmpipe (LLVM 22.1.6, 256 bits)"
"3d_terrain_lod_zones","vulkan",,"True","0","0","llvmpipe (LLVM 22.1.6, 256 bits)"
"3d_texture_material_slots","vulkan",,"True","0","0","llvmpipe (LLVM 22.1.6, 256 bits)"
"3d_textured_cube","vulkan",,"True","0","0","llvmpipe (LLVM 22.1.6, 256 bits)"
"3d_transparency","vulkan","TIMEOUT","False","0","0","llvmpipe (LLVM 22.1.6, 256 bits)"
"3d_vehicle","vulkan",,"True","0","0","llvmpipe (LLVM 22.1.6, 256 bits)"
"3d_water","vulkan",,"True","0","0","llvmpipe (LLVM 22.1.6, 256 bits)"
"3d_cube","vulkan",,"True","0","0","llvmpipe (LLVM 22.1.6, 256 bits)"
"3d_square","vulkan",,"True","0","0","llvmpipe (LLVM 22.1.6, 256 bits)"
"3d_triangle","vulkan",,"True","0","0","llvmpipe (LLVM 22.1.6, 256 bits)"
